"Model","Mean_CRPS","Median_CRPS","SE_CRPS"
"Correct (Gamma)",2.32995002180016,1.58189531497738,0.318797271163139
"Misspecified (Normal)",2.32769212254275,1.83341447308861,0.302289419872691
"Biased/Overconfident",4.88191306412951,4.6772884649816,0.728122694306181
